hazard_monthly,expected_life_months,survive_36m,scenario,nominal_profit_36m,expected_profit_36m
0.005,200.0,0.8348931673187264,悲观,-10780619.418246936,-9867508.791740393
0.005,200.0,0.8348931673187264,中性,-7265248.844066257,-6718788.65677952
0.005,200.0,0.8348931673187264,乐观,-5276863.508980306,-4835472.090495598
0.015,66.66666666666667,0.5803691216901581,悲观,-10780619.418246936,-8325899.581791384
0.015,66.66666666666667,0.5803691216901581,中性,-7265248.844066257,-5788881.692648093
0.015,66.66666666666667,0.5803691216901581,乐观,-5276863.508980306,-4097704.3658136725
0.03,33.333333333333336,0.33402766187509475,悲观,-10780619.418246936,-6569478.466409467
0.03,33.333333333333336,0.33402766187509475,中性,-7265248.844066257,-4713573.937391239
0.03,33.333333333333336,0.33402766187509475,乐观,-5276863.508980306,-3270943.2401946136
