scenario,price_erosion,irr_annual,payback_month,initial_capital_usd,peak_capital_employed_usd,end_equity_usd,runoff_pv_usd,end_equity_going_concern_usd,end_equity_after_tail_usd,moic,moic_going_concern,end_nodes,avg_utilisation,insolvent,insolvent_month,additional_capital_required_usd,mean_monthly_roic,capital_turns_per_year,ccc_days,tail_lease_pv_usd,months_capital_bound,months_demand_bound,months_supply_bound,total_revenue_usd,total_net_income_usd,expected_net_income_usd
悲观,0.0,,,132514.6870444808,132514.6870444808,-255438.11398881942,-15399.754968947575,-270837.868957767,-255438.11398881942,-1.9276211541976271,-2.043832838444962,1,0.25277777777777777,True,4.0,299609.67633697967,-0.07771446556832755,1.250892680438416,27.0,0.0,0,0,0,497284.95622358524,-370739.0910101761,-327288.51137671305
中性,0.0,0.1326227862846312,26.0,132514.6870444808,265029.3740889616,187232.6263638357,588818.5740727771,776051.2004366128,-316217.2535774561,1.4129198094169586,5.856341042228158,2,0.5416666666666666,True,5.0,48427.2975079549,0.031124413753325943,1.6838939928978678,27.0,503449.8799412918,3,0,0,1338844.1129096528,192243.09265317285,134171.4606803555
乐观,0.0,2.4549965147282173,13.0,132514.6870444808,530058.7481779231,1039677.8410085544,1414150.630559588,2453828.4715681425,-180452.87020943128,7.845755547530887,18.517407589277056,4,0.7646031260235556,False,,0.0,0.11002600033733825,2.240707911898229,27.0,1220130.7112179857,2,14,0,3563120.49243943,1337267.36644356,1048804.9975624096
悲观,0.2,,,132514.6870444808,132514.6870444808,-410681.47007610626,-15399.754968947575,-426081.2250450538,-410681.47007610626,-3.099139267017656,-3.2153509512649907,1,0.25277777777777777,True,4.0,454853.0324242665,-0.11200594880729417,0.8294488061373102,27.0,0.0,0,0,0,329742.4468941116,-534327.5971194741,-454163.18783356436
中性,0.2,,,132514.6870444808,132514.6870444808,103973.68479929803,-15399.754968947575,88573.92983035046,103973.68479929803,0.7846200833904359,0.6684083991431012,1,0.6805555555555556,True,5.0,70947.97233204161,-0.00067125879827637,2.2130716558167998,27.0,0.0,15,0,0,879793.4936327223,-3202.259384860112,-27044.066415385834
乐观,0.2,0.9079545485568079,17.0,132514.6870444808,530058.7481779231,186128.60679571578,-103754.62703602754,82373.97975968824,-1174144.8840883528,1.4045885097494029,0.6216215092598606,4,0.8216781260235555,False,,0.0,0.04717321789391156,1.403445353243616,27.0,1360273.4908840687,10,0,0,2231725.4612293025,403683.4356698953,327510.0663505452
悲观,0.4,,,132514.6870444808,132514.6870444808,-530333.7354612433,-15399.754968947575,-545733.4904301909,-530333.7354612433,-4.002075145702362,-4.118286829949697,1,0.25277777777777777,True,4.0,574505.2978094036,-0.13815583128549955,0.5080655720749748,27.0,0.0,0,0,0,201978.4508447711,-659076.3628620501,-552124.145558374
中性,0.4,,,132514.6870444808,132514.6870444808,-214493.53682864457,-15399.754968947575,-229893.29179759216,-214493.53682864457,-1.6186397267545611,-1.734851411001896,1,0.6805555555555556,True,5.0,258665.09917680483,-0.07048084801108885,1.3397941661889938,27.0,0.0,15,0,0,532627.2139096668,-336230.910605486,-287727.19994109194
乐观,0.4,,,132514.6870444808,132514.6870444808,20684.231168864168,-15399.754968947575,5284.476199916593,20684.231168864168,0.15609010314397193,0.03987841889663724,1,0.875,True,34.0,23487.331179296092,-0.02118279718057405,1.9466588460730523,27.0,0.0,27,0,0,773882.6633092219,-101053.14260797726,-75453.2757721967
